,Zip Code,Life Expectancy,Count
0,0,84.1,0
1,90001,78.54444444444444,462
2,90002,76.32727272727271,468
3,90003,76.02,436
4,90004,82.36666666666667,392
5,90005,80.59,394
6,90006,79.11176470588235,400
7,90007,78.59090909090911,422
8,90008,77.9,394
9,90010,81.43333333333332,393
10,90011,76.97826086956523,446
11,90012,81.79999999999998,432
12,90013,76.66666666666667,446
13,90014,78.15,436
14,90015,78.25555555555555,430
15,90016,77.08461538461538,391
16,90017,76.96666666666665,421
17,90018,77.44615384615383,398
18,90019,79.97500000000001,391
19,90020,79.23636363636363,392
20,90021,75.6,448
21,90022,80.875,496
22,90023,80.20833333333333,466
23,90024,79.13333333333333,384
24,90025,84.67272727272729,381
25,90026,81.84,412
26,90027,81.53636363636362,399
27,90028,80.06,396
28,90029,79.15882352941178,394
29,90031,82.51,443
30,90032,80.63888888888889,462
31,90033,79.15384615384616,462
32,90034,80.38461538461539,384
33,90035,83.86999999999999,388
34,90036,82.03333333333332,392
35,90037,77.8,428
36,90038,81.18333333333334,397
37,90039,81.9888888888889,413
38,90040,80.17500000000001,500
39,90041,82.3,428
40,90042,81.85714285714286,439
41,90043,76.57142857142857,399
42,90044,77.04999999999997,433
43,90045,81.86666666666667,384
44,90046,81.52857142857144,392
45,90047,75.71818181818182,420
46,90048,80.33333333333333,391
47,90049,84.7888888888889,380
48,90050,85.4,443
49,90056,82.0,389
50,90057,78.23333333333333,407
51,90058,79.52499999999999,464
52,90059,75.68571428571428,470
53,90061,76.8375,453
54,90062,77.9,410
55,90063,79.25384615384615,473
56,90064,83.88181818181819,382
57,90065,83.72999999999999,428
58,90066,82.03846153846152,380
59,90067,83.3,384
60,90068,83.93333333333334,392
61,90069,81.7,390
62,90072,81.7,443
63,90075,84.3,443
64,90077,86.19999999999999,383
65,90078,80.9,443
66,90082,81.1,443
67,90083,87.0,443
68,90089,78.1,443
69,90094,81.0,443
70,90201,80.13157894736842,497
71,90210,86.75714285714285,387
72,90211,84.7,389
73,90220,77.45714285714284,468
74,90221,77.86923076923077,483
75,90222,76.91666666666667,477
76,90224,77.5,443
77,90230,83.78333333333335,382
78,90232,81.16666666666667,387
79,90240,81.7,511
80,90241,79.54444444444442,514
81,90242,79.73333333333333,511
82,90245,82.7,377
83,90247,81.03999999999999,446
84,90248,79.99999999999999,454
85,90249,79.87142857142858,437
86,90250,78.8625,404
87,90251,79.0,443
88,90254,82.35,379
89,90255,78.54999999999998,477
90,90260,77.84,416
91,90262,79.08571428571427,487
92,90265,84.68333333333334,91
93,90266,85.21428571428571,376
94,90270,78.43333333333334,491
95,90272,83.7,375
96,90274,84.06,381
97,90275,84.6888888888889,401
98,90277,81.80000000000001,389
99,90278,81.44285714285715,392
100,90280,80.67619047619048,495
101,90290,83.0,365
102,90291,81.475,377
103,90292,81.38,377
104,90293,82.43333333333332,378
105,90295,81.9,443
106,90301,78.68888888888891,388
107,90302,77.75,396
108,90303,78.25,416
109,90304,77.64999999999999,391
110,90305,77.4,412
111,90308,76.4,443
112,90401,80.92,373
113,90402,85.25,375
114,90403,83.55000000000001,376
115,90404,81.00000000000001,378
116,90405,83.44,376
117,90409,81.8,443
118,90501,80.325,448
119,90502,82.13333333333333,454
120,90503,82.23333333333333,425
121,90504,81.91666666666667,439
122,90505,83.72857142857144,421
123,90508,79.7,443
124,90601,82.41428571428571,531
125,90602,79.8,528
126,90603,80.03333333333335,542
127,90604,80.9125,546
128,90605,82.28571428571429,528
129,90606,79.8,525
130,90607,82.2,443
131,90620,81.06666666666666,540
132,90621,80.46666666666665,545
133,90622,79.3,168
134,90623,82.875,537
135,90630,81.21000000000001,535
136,90631,81.3,554
137,90632,81.4,168
138,90633,79.1,168
139,90637,80.2,443
140,90638,82.5625,549
141,90639,80.9,549
142,90640,81.15384615384616,504
143,90650,79.91111111111111,519
144,90651,85.4,443
145,90660,80.76363636363637,517
146,90662,81.7,443
147,90670,81.06666666666666,522
148,90680,79.525,525
149,90701,85.4,539
150,90702,80.6,443
151,90703,82.57692307692308,539
152,90704,79.5,1
153,90706,78.18124999999999,512
154,90707,77.7,443
155,90710,80.24,447
156,90712,79.325,509
157,90713,80.08888888888889,528
158,90715,78.15,534
159,90716,80.35,533
160,90717,80.55999999999999,441
161,90720,82.76666666666667,524
162,90721,83.0,168
163,90723,78.24444444444444,502
164,90731,78.90666666666665,405
165,90732,79.82499999999999,394
166,90734,81.3,443
167,90740,81.96666666666667,490
168,90744,78.95333333333333,451
169,90745,81.0888888888889,456
170,90746,79.81666666666668,460
171,90749,81.0,443
172,90755,75.73333333333333,494
173,90802,75.9,478
174,90803,81.62,471
175,90804,77.63636363636364,493
176,90805,77.30526315789473,487
177,90806,77.34444444444445,482
178,90807,78.65,486
179,90808,80.84,521
180,90810,79.03999999999999,461
181,90813,76.44,480
182,90814,81.375,484
183,90815,81.50909090909092,510
184,90832,78.3,443
185,90846,81.2,506
186,91001,79.98571428571428,437
187,91006,83.22,480
188,91007,84.26666666666667,478
189,91008,80.5,0
190,91010,80.64999999999999,480
191,91011,83.78,427
192,91016,82.27000000000001,478
193,91017,76.7,443
194,91020,81.5,412
195,91024,83.43333333333334,462
196,91030,84.24285714285715,453
197,91040,79.6,392
198,91042,80.06666666666666,395
199,91043,82.5,443
200,91046,82.7,443
201,91066,82.4,443
202,91077,83.3,443
203,91101,82.16666666666667,446
204,91103,81.61666666666666,434
205,91104,80.91428571428573,443
206,91105,81.0,441
207,91106,83.18333333333334,453
208,91107,83.21000000000001,462
209,91108,85.19999999999999,471
210,91115,82.4,443
211,91121,81.0,443
212,91124,80.2,443
213,91185,82.5,443
214,91201,83.2,396
215,91202,83.69999999999999,404
216,91203,79.775,403
217,91204,82.08333333333334,410
218,91205,81.3,414
219,91206,84.8,426
220,91207,83.35,412
221,91208,87.5,416
222,91210,79.2,443
223,91214,82.64,397
224,91226,80.6,443
225,91301,81.65,205
226,91302,82.7,338
227,91303,81.125,366
228,91304,81.97272727272728,354
229,91306,82.16,369
230,91307,81.56,347
231,91311,80.7875,363
232,91313,80.4,443
233,91316,81.93333333333334,376
234,91319,88.9,46
235,91320,82.75,62
236,91321,82.1875,350
237,91324,82.9875,367
238,91325,82.10833333333333,372
239,91326,84.02000000000001,371
240,91327,86.6,443
241,91328,82.5,443
242,91331,80.24615384615385,382
243,91334,85.4,443
244,91335,81.78181818181817,374
245,91337,80.5,443
246,91340,80.76666666666668,377
247,91342,79.78260869565219,376
248,91343,79.1,375
249,91344,82.21538461538461,368
250,91345,81.2,375
251,91350,82.35714285714286,178
252,91351,80.45,359
253,91352,79.3111111111111,389
254,91353,75.9,443
255,91354,81.8,130
256,91355,82.7,170
257,91356,83.06666666666666,375
258,91357,80.1,443
259,91360,82.07000000000001,69
260,91361,82.8,70
261,91362,83.71666666666667,73
262,91364,82.60000000000001,367
263,91367,82.63333333333334,361
264,91376,81.6,443
265,91377,82.7,137
266,91381,82.3,205
267,91383,79.8,443
268,91384,82.35,51
269,91387,79.4857142857143,367
270,91390,79.83333333333334,209
271,91392,78.1,443
272,91394,79.4,443
273,91395,80.5,443
274,91401,79.76666666666667,382
275,91402,80.50714285714287,381
276,91403,83.5125,378
277,91405,79.8153846153846,382
278,91406,79.89999999999999,375
279,91411,79.05000000000001,377
280,91412,81.8,443
281,91423,84.275,383
282,91436,84.96666666666668,379
283,91496,79.9,443
284,91501,82.625,393
285,91502,81.375,395
286,91503,82.6,443
287,91504,81.22,391
288,91505,80.38000000000001,393
289,91506,79.15,396
290,91521,80.8,443
291,91601,79.42999999999999,391
292,91602,80.10000000000001,391
293,91604,80.05714285714285,388
294,91605,79.56666666666665,384
295,91606,80.02857142857144,386
296,91607,79.78333333333335,387
297,91615,80.1,443
298,91701,80.98571428571428,185
299,91702,78.55000000000003,489
300,91706,81.02222222222221,509
301,91708,80.45,1
302,91709,82.06428571428572,348
303,91710,79.13000000000001,304
304,91711,81.26666666666665,305
305,91722,79.38000000000001,511
306,91723,80.13333333333333,513
307,91724,80.02000000000001,522
308,91729,80.0,1
309,91730,80.05000000000001,195
310,91731,83.53333333333335,507
311,91732,80.78999999999999,513
312,91733,80.82727272727273,513
313,91734,83.0,443
314,91737,81.38,172
315,91739,80.74,156
316,91740,80.21428571428571,501
317,91741,81.875,494
318,91744,80.73157894736843,534
319,91745,83.83333333333331,533
320,91746,80.0,521
321,91747,86.2,443
322,91748,84.83333333333333,537
323,91750,80.58571428571429,454
324,91752,77.69999999999999,197
325,91754,83.7375,486
326,91755,86.45,491
327,91756,81.4,443
328,91761,79.15,228
329,91762,79.44666666666667,276
330,91763,80.45714285714287,291
331,91764,79.275,219
332,91765,85.0111111111111,540
333,91766,78.44,465
334,91767,79.05,414
335,91768,80.46666666666667,507
336,91769,76.8,443
337,91770,82.95625000000001,498
338,91773,80.78333333333333,513
339,91775,85.61999999999999,472
340,91776,83.51666666666667,480
341,91780,83.675,488
342,91784,82.2,253
343,91786,79.54166666666666,252
344,91788,81.7,443
345,91789,83.34615384615384,548
346,91790,81.39090909090909,519
347,91791,82.0375,523
348,91792,81.3875,536
349,91793,79.9,443
350,91801,83.55454545454546,476
351,91803,81.88333333333333,475
352,91901,81.30000000000001,67
353,91902,82.15,53
354,91903,81.8,82
355,91910,80.4684210526316,49
356,91911,81.325,45
357,91913,80.75,51
358,91914,81.73333333333333,58
359,91915,82.43333333333334,54
360,91917,79.9,42
361,91921,82.2,82
362,91932,81.46666666666667,42
363,91933,75.9,82
364,91935,80.05000000000001,60
365,91941,81.075,66
366,91942,79.82857142857142,67
367,91943,80.1,82
368,91945,78.2,65
369,91950,79.1923076923077,53
370,91977,79.63125000000001,62
371,91978,82.89999999999999,66
372,91979,79.9,82
373,92003,82.6,64
374,92004,78.9,5
375,92007,81.4,79
376,92008,82.74,63
377,92009,85.025,81
378,92010,83.7,0
379,92011,84.55000000000001,0
380,92014,84.2,81
381,92018,83.5,82
382,92019,79.38888888888889,72
383,92020,77.84545454545456,68
384,92021,76.98,74
385,92022,71.9,82
386,92023,82.25,82
387,92024,82.97777777777777,77
388,92025,81.2625,87
389,92026,81.1,81
390,92027,79.13999999999999,87
391,92028,80.36,75
392,92029,80.75,89
393,92033,76.3,82
394,92036,77.4,37
395,92037,84.6875,72
396,92038,82.3,82
397,92039,84.8,82
398,92040,79.075,78
399,92046,80.9,82
400,92049,77.6,82
401,92054,80.9,61
402,92056,81.67272727272729,65
403,92057,79.89999999999999,68
404,92058,80.425,82
405,92061,79.4,68
406,92064,81.49999999999999,81
407,92065,80.2125,82
408,92066,83.1,19
409,92068,79.8,82
410,92069,81.53999999999999,87
411,92070,79.1,57
412,92071,79.91818181818182,77
413,92075,82.1,80
414,92078,82.52499999999999,87
415,92081,81.17500000000001,0
416,92082,82.0,68
417,92083,79.46666666666667,75
418,92084,78.83333333333334,71
419,92088,82.0,82
420,92093,86.8,82
421,92101,76.225,65
422,92102,79.54285714285716,64
423,92103,80.59,65
424,92104,78.86363636363637,65
425,92105,78.76470588235294,65
426,92106,80.8,62
427,92107,80.8142857142857,63
428,92108,81.66666666666667,66
429,92109,82.6375,69
430,92110,82.16,66
431,92111,81.6,71
432,92112,73.4,82
433,92113,78.12857142857142,61
434,92114,79.3076923076923,61
435,92115,78.48333333333333,66
436,92116,80.88000000000001,66
437,92117,80.9,72
438,92118,85.75999999999999,47
439,92119,81.10000000000001,67
440,92120,80.96666666666667,68
441,92122,82.88571428571429,74
442,92123,79.04,71
443,92124,81.23333333333333,73
444,92126,82.49333333333334,76
445,92127,81.91999999999999,84
446,92128,85.22,84
447,92129,82.625,82
448,92130,83.53333333333332,76
449,92131,83.76666666666667,76
450,92132,81.4,46
451,92139,81.82000000000001,53
452,92142,80.6,82
453,92147,84.2,82
454,92149,79.5,82
455,92154,81.87692307692308,40
456,92159,80.5,82
457,92173,79.83333333333334,40
458,92175,82.5,82
459,92176,80.4,82
460,92177,81.8,82
461,92193,84.0,82
462,92199,80.6,66
463,92201,79.09166666666665,54
464,92203,80.26666666666667,55
465,92210,82.5,55
466,92211,84.5,56
467,92220,77.03333333333335,103
468,92223,79.28888888888889,107
469,92225,75.88571428571429,4
470,92227,80.39999999999999,8
471,92230,78.6,91
472,92231,82.19999999999999,4
473,92234,79.25000000000001,67
474,92236,79.22,49
475,92240,75.9125,72
476,92241,80.1,64
477,92242,75.0,3
478,92243,81.85555555555555,5
479,92244,76.0,6
480,92247,81.0,0
481,92248,80.3,0
482,92249,79.9,5
483,92250,78.6,4
484,92251,78.4,8
485,92252,75.3,36
486,92253,81.85714285714286,51
487,92254,77.8,27
488,92255,79.4,51
489,92256,75.44999999999999,66
490,92257,76.7,7
491,92260,82.41666666666667,56
492,92262,77.7125,75
493,92264,78.82857142857144,72
494,92267,74.6,2
495,92270,81.1,60
496,92274,80.775,27
497,92276,80.8,62
498,92277,75.62,9
499,92282,75.6,79
500,92283,70.5,8
501,92284,74.2,42
502,92285,74.96666666666667,11
503,92301,79.9,10
504,92307,77.24285714285715,18
505,92308,75.6,30
506,92311,73.96666666666665,9
507,92312,69.2,45
508,92313,77.60000000000001,145
509,92314,79.05,38
510,92315,78.96666666666667,40
511,92316,79.55,148
512,92320,77.56666666666666,91
513,92322,77.8,1
514,92324,79.00000000000001,144
515,92325,78.15,117
516,92327,75.7,9
517,92329,76.6,1
518,92334,76.2,1
519,92335,78.21111111111111,155
520,92336,79.2125,150
521,92337,78.35,170
522,92341,80.4,72
523,92344,78.6,0
524,92345,76.24166666666669,73
525,92346,78.375,122
526,92350,80.2,1
527,92352,79.75,82
528,92354,77.75,145
529,92357,77.0,1
530,92359,78.5,94
531,92363,74.0,10
532,92364,74.0,5
533,92371,77.975,68
534,92373,80.125,111
535,92374,78.3,112
536,92375,78.0,1
537,92376,77.94000000000001,144
538,92377,79.5,142
539,92378,80.5,1
540,92382,79.5,81
541,92386,77.9,38
542,92392,76.93333333333334,27
543,92393,77.0,1
544,92394,75.26666666666667,14
545,92395,74.69999999999999,0
546,92397,79.4,121
547,92399,78.0375,88
548,92404,73.9375,134
549,92405,76.275,138
550,92407,77.80000000000001,133
551,92408,76.25,141
552,92410,74.575,141
553,92411,76.125,138
554,92415,75.38,1
555,92427,75.6,37
556,92501,77.52000000000001,153
557,92503,78.15714285714286,201
558,92504,78.8,189
559,92505,79.8125,210
560,92506,80.0,172
561,92507,77.82222222222222,149
562,92508,80.6,162
563,92509,78.23750000000001,187
564,92516,75.2,51
565,92519,75.2,51
566,92530,76.77777777777777,147
567,92531,79.0,51
568,92536,81.85,82
569,92539,78.6,81
570,92543,74.18571428571428,108
571,92544,75.77499999999999,97
572,92545,76.25714285714285,108
573,92549,80.4,85
574,92551,78.81428571428572,120
575,92553,76.8,132
576,92555,78.9,121
577,92557,79.17272727272729,137
578,92561,77.8,71
579,92562,81.28333333333335,92
580,92563,82.61666666666667,77
581,92567,82.65,95
582,92570,79.0625,133
583,92571,77.48571428571428,113
584,92581,77.8,51
585,92582,78.16,107
586,92583,74.075,104
587,92584,80.58,106
588,92585,75.66666666666667,101
589,92586,78.29999999999998,102
590,92587,81.53333333333333,110
591,92590,82.1,73
592,92591,82.0125,69
593,92592,82.61818181818181,70
594,92593,80.1,51
595,92595,79.34285714285716,94
596,92596,81.8,94
597,92603,83.76666666666667,172
598,92604,83.66,209
599,92605,79.6,168
600,92606,81.5,213
601,92610,81.80000000000001,220
602,92612,83.16,174
603,92614,82.17999999999999,202
604,92618,83.2,179
605,92620,84.5,236
606,92624,80.6,133
607,92625,85.27499999999999,147
608,92626,80.12499999999999,187
609,92627,78.89999999999999,166
610,92628,84.1,168
611,92629,85.01666666666667,129
612,92630,81.28999999999999,182
613,92637,82.8,0
614,92646,80.55555555555556,189
615,92647,80.7375,408
616,92648,81.47272727272725,329
617,92649,82.075,422
618,92651,82.84,132
619,92652,82.9,168
620,92653,83.16,148
621,92654,77.9,148
622,92655,82.25,461
623,92656,82.58333333333333,144
624,92658,87.2,168
625,92660,82.1875,162
626,92662,81.1,147
627,92663,81.32857142857142,146
628,92672,81.25,129
629,92673,82.775,138
630,92674,81.35,129
631,92675,83.85,143
632,92676,79.3,241
633,92677,82.32142857142858,138
634,92679,82.18333333333334,192
635,92683,82.52142857142859,477
636,92688,81.69999999999999,197
637,92691,82.0,157
638,92692,82.82727272727271,182
639,92693,80.6,163
640,92694,86.7,158
641,92701,80.73333333333333,267
642,92703,81.31999999999998,411
643,92704,81.525,339
644,92705,80.39999999999999,266
645,92706,82.17142857142856,428
646,92707,80.86666666666666,233
647,92708,80.94,370
648,92728,82.8,168
649,92780,81.51,239
650,92781,78.5,168
651,92782,81.8,244
652,92799,79.4,168
653,92801,79.18333333333334,543
654,92802,82.49999999999999,506
655,92804,80.71428571428571,533
656,92805,79.04444444444442,522
657,92806,80.98181818181818,498
658,92807,82.1625,431
659,92808,85.13333333333334,293
660,92809,81.5,0
661,92811,81.0,168
662,92821,82.68333333333335,555
663,92822,81.2,168
664,92823,85.7,542
665,92825,75.2,168
666,92831,80.5,542
667,92832,81.2,549
668,92833,80.98333333333333,547
669,92834,79.7,168
670,92835,82.71428571428571,553
671,92836,82.6,168
672,92837,76.2,168
673,92840,81.8,481
674,92841,80.01428571428572,505
675,92842,82.6,168
676,92843,81.31666666666666,463
677,92844,81.41666666666666,482
678,92845,81.2,517
679,92846,78.8,168
680,92860,79.72857142857143,255
681,92861,83.8,413
682,92863,80.1,168
683,92865,79.96,498
684,92866,80.93333333333332,410
685,92867,82.95714285714287,469
686,92868,79.4,466
687,92869,82.58571428571429,280
688,92870,82.87777777777778,542
689,92877,80.8,51
690,92879,79.52000000000001,258
691,92880,80.51111111111112,266
692,92881,81.7,260
693,92882,80.41875,263
694,92883,82.91999999999999,258
695,92886,83.58999999999999,501
696,92887,83.93333333333334,318
697,93001,78.64444444444445,86
698,93003,81.52222222222221,87
699,93004,80.81666666666666,53
700,93006,81.0,46
701,93007,79.3,46
702,93009,79.6,55
703,93010,81.16999999999999,51
704,93012,84.17999999999999,58
705,93013,83.69999999999999,83
706,93015,80.3,60
707,93021,81.9888888888889,64
708,93022,81.1,86
709,93023,82.6,87
710,93030,79.28750000000001,51
711,93031,80.2,46
712,93032,79.7,46
713,93033,79.80000000000001,50
714,93035,79.94000000000001,51
715,93036,81.21666666666665,53
716,93041,79.9,49
717,93060,79.575,54
718,93063,80.99,208
719,93065,80.72142857142858,109
720,93067,81.6,73
721,93094,80.5,46
722,93099,80.8,46
723,93101,81.41999999999999,79
724,93103,82.0,80
725,93105,83.8,76
726,93108,84.7,67
727,93109,82.26,80
728,93110,82.05000000000001,76
729,93111,82.35,67
730,93117,81.31666666666666,68
731,93190,78.0,62
732,93201,77.2,7
733,93203,77.63333333333334,22
734,93204,79.5,1
735,93205,69.1,8
736,93210,80.2,1
737,93212,76.52857142857144,10
738,93215,79.72,14
739,93218,78.9,8
740,93219,78.65,8
741,93220,81.9,24
742,93221,78.1,12
743,93223,77.7,12
744,93225,78.25,9
745,93230,79.325,20
746,93232,77.1,6
747,93234,79.1,6
748,93235,83.0,13
749,93237,78.8,6
750,93241,79.1,23
751,93242,81.8,33
752,93245,78.03333333333335,20
753,93247,78.08,8
754,93250,77.03333333333333,17
755,93251,74.3,2
756,93252,73.5,2
757,93254,82.6,7
758,93257,76.04444444444444,8
759,93258,75.85,8
760,93263,78.39999999999999,16
761,93265,84.0,3
762,93267,75.9,8
763,93268,74.6,14
764,93272,82.9,11
765,93274,77.22,12
766,93277,77.1888888888889,13
767,93278,77.4,7
768,93279,76.1,13
769,93280,78.30000000000001,15
770,93283,73.9,5
771,93286,79.5,9
772,93290,81.6,0
773,93291,80.96666666666665,14
774,93292,76.93333333333332,13
775,93301,73.3,18
776,93304,75.43,18
777,93305,73.80000000000001,17
778,93306,76.0,18
779,93307,75.4,17
780,93308,76.22222222222223,15
781,93309,76.90833333333332,18
782,93311,78.60000000000001,17
783,93312,78.77499999999999,16
784,93313,77.8,19
785,93314,80.71428571428571,0
786,93380,75.1,23
787,93385,71.5,23
788,93386,75.0,23
789,93387,75.9,23
790,93390,80.4,23
791,93401,79.28,51
792,93402,82.85,52
793,93406,81.4,50
794,93412,76.2,50
795,93420,80.82000000000001,42
796,93422,81.56666666666666,53
797,93423,77.2,57
798,93426,82.3,29
799,93428,80.7,38
800,93430,83.1,58
801,93434,82.9,37
802,93435,81.9,53
803,93436,77.89,36
804,93441,82.0,56
805,93442,76.3,57
806,93444,80.95,39
807,93445,80.0,42
808,93446,79.41666666666667,51
809,93448,81.75,50
810,93451,78.2,21
811,93453,80.6,1
812,93454,80.29230769230769,40
813,93455,81.5142857142857,44
814,93456,81.8,32
815,93457,81.2,41
816,93458,79.975,43
817,93463,85.0,75
818,93464,85.8,67
819,93465,82.25,53
820,93483,79.5,50
821,93501,76.63333333333334,21
822,93504,76.6,11
823,93505,74.0,10
824,93510,78.7,190
825,93514,81.16666666666667,3
826,93516,75.9,11
827,93526,79.5,8
828,93532,79.53333333333333,24
829,93534,74.31111111111112,18
830,93535,76.17272727272727,19
831,93536,78.3777777777778,32
832,93543,80.25,86
833,93544,75.5,77
834,93546,81.5,6
835,93549,78.9,6
836,93550,78.28125000000001,98
837,93551,80.89000000000001,45
838,93552,77.51666666666667,86
839,93553,78.5,131
840,93555,76.84,7
841,93560,75.69999999999999,23
842,93561,77.275,11
843,93584,74.9,443
844,93586,82.6,443
845,93591,76.03333333333333,21
846,93601,81.0,15
847,93602,81.2,21
848,93604,79.5,15
849,93608,83.7,2
850,93609,80.4,31
851,93610,75.95,8
852,93611,81.79999999999998,31
853,93612,77.2,29
854,93613,73.5,31
855,93614,77.66666666666667,26
856,93615,77.7,13
857,93616,80.8,32
858,93618,79.05,29
859,93619,80.37142857142858,0
860,93620,76.85,8
861,93621,72.6,4
862,93622,77.8,2
863,93630,80.0,28
864,93631,80.01666666666667,34
865,93634,80.0,8
866,93635,78.84999999999998,6
867,93636,78.1,0
868,93637,78.7,27
869,93638,78.46666666666665,29
870,93639,75.0,28
871,93640,77.2,5
872,93644,75.3,15
873,93646,82.8,27
874,93647,79.4,13
875,93648,80.25,34
876,93653,77.8,20
877,93654,81.92,32
878,93656,81.2,30
879,93657,79.19999999999999,31
880,93662,79.02499999999999,34
881,93665,80.3,6
882,93668,78.5,15
883,93669,78.1,12
884,93670,78.7,13
885,93673,82.6,27
886,93701,72.85,28
887,93702,75.03333333333333,32
888,93703,75.66666666666666,28
889,93704,78.60000000000001,30
890,93705,77.9857142857143,29
891,93706,76.15714285714286,32
892,93710,79.075,30
893,93711,80.8,30
894,93716,70.4,32
895,93720,81.51249999999999,31
896,93721,75.3,31
897,93722,78.33571428571427,29
898,93723,81.9,0
899,93725,77.3,32
900,93726,76.075,29
901,93727,78.51666666666668,32
902,93728,73.15,29
903,93730,83.66666666666667,0
904,93737,82.7,0
905,93747,75.6,32
906,93779,71.8,32
907,93790,77.8,32
908,93901,79.55000000000001,70
909,93902,73.3,1
910,93905,78.76363636363637,70
911,93906,79.98888888888888,73
912,93907,75.0,74
913,93908,79.95,68
914,93920,86.4,4
915,93923,82.03333333333335,58
916,93924,85.7,60
917,93925,80.4,65
918,93926,81.9,61
919,93927,81.63333333333334,5
920,93930,81.0,1
921,93933,81.14999999999999,69
922,93940,84.0,66
923,93943,83.0,1
924,93950,83.975,65
925,93953,85.9,66
926,93954,79.1,4
927,93955,79.73750000000001,68
928,93960,80.16666666666667,13
929,93962,79.2,68
930,94002,83.53333333333335,408
931,94010,82.95,400
932,94011,82.7,394
933,94014,82.91,408
934,94015,82.33,394
935,94017,81.3,394
936,94019,82.2,380
937,94022,85.15,121
938,94023,86.4,75
939,94024,85.64285714285714,105
940,94025,83.98333333333333,414
941,94026,81.03333333333332,394
942,94027,84.4,414
943,94030,84.05000000000001,403
944,94037,86.2,379
945,94040,83.51250000000002,113
946,94041,82.0,118
947,94042,81.9,75
948,94043,82.73333333333333,124
949,94044,81.05714285714285,381
950,94060,84.5,83
951,94061,81.83333333333333,413
952,94062,84.55,411
953,94063,79.53333333333332,413
954,94064,77.4,394
955,94065,81.2,409
956,94066,81.42222222222222,398
957,94070,82.93,409
958,94080,81.76363636363637,404
959,94083,80.85,394
960,94085,80.74,107
961,94086,84.44285714285715,106
962,94087,84.14000000000001,103
963,94088,81.6,75
964,94089,82.125,109
965,94102,76.36,394
966,94103,80.875,398
967,94107,80.31666666666666,402
968,94108,82.8,394
969,94109,80.7,392
970,94110,80.46923076923076,400
971,94111,82.05,394
972,94112,83.05,404
973,94114,81.51428571428572,396
974,94115,81.61999999999999,392
975,94116,84.53,387
976,94117,80.54,392
977,94118,85.15,389
978,94121,85.73333333333333,381
979,94122,85.25454545454546,387
980,94123,83.375,391
981,94124,79.14,413
982,94127,84.73333333333333,394
983,94129,78.1,380
984,94130,75.7,395
985,94131,80.03333333333335,397
986,94132,83.1857142857143,392
987,94133,83.9,393
988,94134,79.59090909090908,413
989,94301,84.57142857142857,412
990,94303,81.7,400
991,94304,84.9,265
992,94306,85.02000000000001,314
993,94401,81.23333333333333,395
994,94402,84.36666666666666,395
995,94403,83.36363636363636,403
996,94404,83.86999999999999,406
997,94501,80.15714285714284,415
998,94502,83.75,418
999,94503,80.3,363
1000,94505,81.1,0
1001,94507,84.0,376
1002,94509,76.61999999999998,42
1003,94510,79.9,381
1004,94512,80.0,46
1005,94513,80.43,42
1006,94514,80.7,27
1007,94515,84.85,103
1008,94517,81.4,247
1009,94518,81.2,364
1010,94519,80.32499999999999,355
1011,94520,78.72222222222223,362
1012,94521,80.63333333333333,339
1013,94523,81.6888888888889,369
1014,94526,82.5,395
1015,94530,82.72500000000001,371
1016,94531,77.7,41
1017,94533,76.95294117647059,74
1018,94534,80.41428571428573,82
1019,94536,83.06666666666666,399
1020,94537,85.0,377
1021,94538,81.47692307692309,204
1022,94539,85.07777777777777,112
1023,94541,78.79285714285713,422
1024,94542,80.8,427
1025,94544,79.78125,425
1026,94545,80.55714285714286,427
1027,94546,80.44,419
1028,94547,82.06666666666666,378
1029,94549,84.71249999999999,367
1030,94550,81.00999999999999,96
1031,94551,81.07777777777777,377
1032,94552,82.33333333333333,422
1033,94553,79.09,374
1034,94555,83.275,419
1035,94556,86.05,403
1036,94558,81.175,113
1037,94559,81.51666666666667,104
1038,94560,83.25,413
1039,94561,79.46666666666667,46
1040,94562,83.5,105
1041,94563,84.0,379
1042,94564,81.4,375
1043,94565,78.09411764705884,43
1044,94566,83.45,134
1045,94567,81.8,95
1046,94568,82.12857142857145,408
1047,94571,76.2,49
1048,94572,83.9,384
1049,94574,83.0,104
1050,94575,83.5,406
1051,94577,80.98333333333332,420
1052,94578,79.03999999999999,415
1053,94579,82.025,419
1054,94580,81.825,423
1055,94582,83.875,0
1056,94583,84.8,406
1057,94585,77.775,76
1058,94587,82.47857142857143,423
1059,94588,82.65714285714286,318
1060,94589,78.26666666666667,378
1061,94590,76.14166666666668,386
1062,94591,79.87857142857142,389
1063,94595,83.0,364
1064,94596,83.05,366
1065,94597,85.2,406
1066,94598,83.03333333333335,365
1067,94601,77.38333333333333,416
1068,94602,80.06666666666666,413
1069,94603,76.01666666666667,419
1070,94604,81.9,377
1071,94605,77.05833333333334,418
1072,94606,77.87272727272727,414
1073,94607,77.58000000000001,402
1074,94608,78.3,397
1075,94609,81.05,399
1076,94610,82.60909090909091,406
1077,94611,83.67142857142856,402
1078,94612,78.7125,406
1079,94613,82.3,415
1080,94614,74.6,422
1081,94618,83.625,397
1082,94619,80.5625,414
1083,94620,79.7,377
1084,94621,75.14999999999999,418
1085,94623,76.6,377
1086,94662,80.9,377
1087,94702,80.11428571428573,383
1088,94703,80.25,387
1089,94704,85.56666666666666,387
1090,94705,85.05,395
1091,94706,82.85,370
1092,94707,86.39999999999999,370
1093,94708,84.9,370
1094,94709,84.2,372
1095,94710,77.6,372
1096,94712,77.0,377
1097,94720,80.4,388
1098,94801,76.475,368
1099,94802,75.0,406
1100,94803,77.5,372
1101,94804,78.1,368
1102,94805,80.55,368
1103,94806,79.89,373
1104,94850,80.5,406
1105,94901,81.7,356
1106,94903,82.7,365
1107,94904,83.125,357
1108,94912,85.9,351
1109,94915,79.5,401
1110,94920,85.875,358
1111,94922,82.6,76
1112,94924,84.19999999999999,337
1113,94927,80.9,75
1114,94928,78.78,114
1115,94929,86.9,59
1116,94930,85.3,356
1117,94931,81.13333333333333,113
1118,94939,81.5,357
1119,94941,83.32000000000001,353
1120,94942,84.0,351
1121,94945,81.46666666666667,413
1122,94947,82.08,411
1123,94949,84.07499999999999,399
1124,94952,80.64285714285714,110
1125,94954,80.81666666666666,118
1126,94960,85.97500000000001,356
1127,94965,83.95,354
1128,94972,84.7,91
1129,94976,83.3,351
1130,94999,83.1,111
1131,95003,81.75,98
1132,95004,82.96666666666665,80
1133,95005,78.4,94
1134,95008,81.1375,102
1135,95010,81.4,107
1136,95011,81.3,75
1137,95012,80.5,74
1138,95014,86.52,100
1139,95018,85.35,94
1140,95019,84.2,92
1141,95020,80.45555555555558,47
1142,95021,83.6,41
1143,95023,81.54444444444442,23
1144,95030,83.85,95
1145,95031,79.7,75
1146,95032,83.225,98
1147,95033,84.15,95
1148,95035,83.03076923076924,101
1149,95036,82.1,100
1150,95037,80.84444444444445,63
1151,95039,79.9,76
1152,95045,86.8,73
1153,95046,85.1,55
1154,95050,81.17999999999999,104
1155,95051,82.52727272727273,102
1156,95052,81.1,75
1157,95054,80.55,105
1158,95056,82.8,75
1159,95060,81.92,94
1160,95062,79.43333333333334,105
1161,95065,78.55000000000001,102
1162,95066,83.25,96
1163,95070,83.58,98
1164,95073,83.03333333333333,101
1165,95076,82.03076923076924,93
1166,95077,79.6,100
1167,95110,80.95,105
1168,95111,81.86666666666666,101
1169,95112,81.8875,106
1170,95113,80.76666666666667,106
1171,95116,81.12727272727274,106
1172,95117,81.025,104
1173,95118,82.39999999999999,97
1174,95119,81.2,97
1175,95120,83.76249999999999,95
1176,95121,83.36666666666666,102
1177,95122,80.53333333333332,104
1178,95123,82.5,97
1179,95124,81.35,97
1180,95125,80.775,103
1181,95126,81.2,105
1182,95127,83.12307692307694,104
1183,95128,81.36,105
1184,95129,83.63333333333335,103
1185,95130,81.5,102
1186,95131,88.5,105
1187,95132,83.43333333333334,103
1188,95133,83.84,106
1189,95135,83.82,101
1190,95136,81.69999999999999,98
1191,95138,84.3,97
1192,95139,83.45,97
1193,95140,84.4,94
1194,95148,83.17142857142858,104
1195,95150,84.7,75
1196,95155,82.4,75
1197,95160,81.5,75
1198,95173,83.1,75
1199,95192,80.9,75
1200,95202,68.5,21
1201,95203,73.14999999999999,21
1202,95204,75.92500000000001,22
1203,95205,74.11250000000001,20
1204,95206,77.30769230769232,20
1205,95207,76.42727272727272,16
1206,95208,70.9,20
1207,95209,77.44285714285714,16
1208,95210,76.74166666666669,16
1209,95212,77.8,19
1210,95215,76.82000000000001,20
1211,95219,81.05999999999999,15
1212,95222,82.69999999999999,26
1213,95224,80.0,23
1214,95225,84.9,33
1215,95228,79.5,30
1216,95230,79.1,35
1217,95237,79.2,22
1218,95240,76.92222222222222,16
1219,95241,75.6,20
1220,95242,79.98333333333333,16
1221,95246,75.7,27
1222,95248,78.8,27
1223,95252,79.1,38
1224,95258,80.0,19
1225,95269,73.2,20
1226,95301,79.4888888888889,13
1227,95303,80.3,18
1228,95305,81.3,19
1229,95306,78.1,15
1230,95307,76.18333333333332,16
1231,95315,78.80000000000001,19
1232,95317,79.0,8
1233,95320,81.2,20
1234,95321,77.85,16
1235,95322,77.8,7
1236,95326,79.39999999999999,17
1237,95329,79.7,23
1238,95330,79.125,18
1239,95333,79.5,9
1240,95334,80.0,19
1241,95336,79.72,20
1242,95337,76.53333333333332,20
1243,95338,77.1,17
1244,95340,77.51249999999999,9
1245,95341,75.78,10
1246,95343,81.2,10
1247,95348,76.26,9
1248,95350,76.75,15
1249,95351,76.87000000000002,16
1250,95353,73.0,16
1251,95354,75.75,16
1252,95355,77.27,16
1253,95356,78.8,16
1254,95357,78.19999999999999,16
1255,95358,77.92857142857143,15
1256,95360,80.2,15
1257,95361,78.46,20
1258,95363,78.55000000000001,17
1259,95366,81.53333333333333,20
1260,95367,75.96666666666667,15
1261,95368,75.7,16
1262,95370,78.38,19
1263,95373,78.4,18
1264,95376,78.44545454545455,29
1265,95377,79.4,29
1266,95379,85.9,18
1267,95380,79.1888888888889,18
1268,95381,75.9,16
1269,95382,78.66,17
1270,95385,77.2,16
1271,95386,77.2,21
1272,95387,80.9,16
1273,95388,77.53333333333333,17
1274,95401,79.63636363636364,108
1275,95403,78.97999999999999,104
1276,95404,81.84285714285714,108
1277,95405,79.1,107
1278,95407,78.67142857142858,110
1279,95409,79.625,107
1280,95418,76.9,14
1281,95422,67.94999999999999,37
1282,95423,72.5,11
1283,95424,72.8,35
1284,95425,75.9,65
1285,95427,78.9,17
1286,95428,80.5,2
1287,95437,79.14999999999999,12
1288,95439,79.35,104
1289,95441,81.4,74
1290,95442,82.25,119
1291,95445,81.8,8
1292,95446,80.35,73
1293,95448,84.4,94
1294,95449,77.2,30
1295,95451,76.8,40
1296,95452,80.7,108
1297,95453,75.0,17
1298,95456,82.5,16
1299,95457,81.75,48
1300,95461,81.9,94
1301,95464,73.0,14
1302,95469,78.5,11
1303,95470,78.3,11
1304,95472,82.55999999999999,104
1305,95476,81.08571428571429,118
1306,95482,79.7,12
1307,95485,77.6,12
1308,95486,79.9,63
1309,95490,77.0,16
1310,95492,81.67999999999999,100
1311,95494,84.0,21
1312,95501,75.15,22
1313,95503,76.17500000000001,22
1314,95514,79.3,2
1315,95519,78.4,21
1316,95521,79.24000000000001,23
1317,95531,75.15,5
1318,95532,78.0,6
1319,95534,79.7,22
1320,95536,79.55,17
1321,95540,75.5,17
1322,95546,76.7,11
1323,95547,78.1,17
1324,95548,77.1,6
1325,95549,82.1,22
1326,95550,80.4,22
1327,95554,83.0,3
1328,95555,80.1,11
1329,95558,81.5,5
1330,95567,79.7,6
1331,95568,78.2,2
1332,95570,78.7,18
1333,95589,78.8,0
1334,95602,82.6,57
1335,95603,78.23333333333333,56
1336,95604,75.2,34
1337,95605,77.2,61
1338,95606,83.7,42
1339,95608,78.04166666666667,74
1340,95610,77.39090909090909,71
1341,95612,82.3,55
1342,95616,81.5875,47
1343,95618,82.69999999999999,53
1344,95619,77.7,52
1345,95620,80.35,42
1346,95621,78.14,72
1347,95624,80.55833333333332,67
1348,95625,78.5,69
1349,95628,80.29090909090908,77
1350,95630,81.77692307692307,63
1351,95631,81.0,28
1352,95632,79.65714285714286,45
1353,95635,86.85,50
1354,95636,76.4,15
1355,95638,80.75,54
1356,95640,79.2,44
1357,95641,82.2,35
1358,95645,83.3,45
1359,95646,79.8,18
1360,95648,80.12499999999999,62
1361,95650,84.0,59
1362,95652,78.4,69
1363,95658,80.25,60
1364,95660,75.475,69
1365,95661,78.97500000000001,65
1366,95662,79.64999999999999,69
1367,95663,78.4,61
1368,95665,76.8,24
1369,95667,80.63333333333334,52
1370,95670,78.70833333333333,80
1371,95672,81.3,63
1372,95673,76.02000000000001,67
1373,95674,80.3,58
1374,95677,79.35714285714286,60
1375,95678,79.19090909090909,68
1376,95682,80.72,63
1377,95685,84.4,37
1378,95687,80.80000000000001,69
1379,95688,80.48,77
1380,95689,78.06666666666666,24
1381,95690,78.4,38
1382,95691,78.32,63
1383,95692,79.4,51
1384,95693,81.4,70
1385,95694,81.0,63
1386,95695,81.0888888888889,42
1387,95696,76.1,67
1388,95701,81.8,25
1389,95709,79.39999999999999,35
1390,95712,80.2,27
1391,95713,84.69999999999999,29
1392,95722,80.8,46
1393,95726,78.25,15
1394,95735,81.2,25
1395,95742,80.18,68
1396,95746,82.3,63
1397,95747,81.54285714285713,71
1398,95757,81.55,0
1399,95758,81.1875,66
1400,95762,83.61428571428573,64
1401,95763,77.0,66
1402,95765,82.62857142857145,64
1403,95776,80.8,49
1404,95798,69.2,62
1405,95811,78.76666666666667,0
1406,95813,72.3,66
1407,95814,77.6,60
1408,95815,75.5,67
1409,95816,77.6,61
1410,95817,76.67500000000001,62
1411,95818,80.17500000000001,63
1412,95819,82.1,66
1413,95820,77.89230769230768,66
1414,95821,76.18749999999999,68
1415,95822,79.89999999999999,69
1416,95823,78.15294117647058,68
1417,95824,75.96000000000001,67
1418,95825,78.14285714285714,67
1419,95826,78.95714285714287,74
1420,95827,77.11999999999999,78
1421,95828,77.92857142857143,68
1422,95829,79.98571428571427,70
1423,95830,78.3,85
1424,95831,82.1,67
1425,95832,76.03333333333333,68
1426,95833,80.25,66
1427,95834,78.67999999999999,67
1428,95835,81.55000000000001,66
1429,95838,73.46,67
1430,95841,75.81428571428572,71
1431,95842,77.73333333333332,70
1432,95843,79.24444444444443,67
1433,95864,80.32000000000001,68
1434,95866,74.8,66
1435,95867,68.5,66
1436,95901,74.73333333333333,22
1437,95915,74.5,8
1438,95917,78.85,23
1439,95918,78.1,22
1440,95926,77.975,19
1441,95927,78.7,19
1442,95928,78.71428571428571,19
1443,95932,79.26666666666667,5
1444,95939,82.8,0
1445,95941,76.7,18
1446,95942,86.0,17
1447,95943,80.8,18
1448,95945,78.86666666666666,27
1449,95948,76.4,22
1450,95949,79.25,37
1451,95953,78.9,10
1452,95954,76.13333333333333,18
1453,95958,82.4,21
1454,95959,79.46666666666665,23
1455,95961,73.55,32
1456,95963,79.84,13
1457,95965,75.51428571428572,24
1458,95966,75.94999999999999,28
1459,95968,75.8,24
1460,95969,76.83333333333333,20
1461,95971,78.0,9
1462,95973,79.07142857142857,18
1463,95975,80.5,34
1464,95977,77.6,36
1465,95979,82.6,3
1466,95981,77.6,19
1467,95982,76.4,9
1468,95987,80.7,2
1469,95988,77.1,11
1470,95991,77.6,10
1471,95993,80.05,8
1472,96001,77.1111111111111,12
1473,96002,76.9875,11
1474,96003,76.89999999999999,9
1475,96007,75.2125,11
1476,96008,79.2,9
1477,96010,78.8,2
1478,96014,82.2,8
1479,96017,78.1,8
1480,96019,75.32499999999999,9
1481,96020,77.5,6
1482,96021,77.9,13
1483,96022,79.8,11
1484,96023,79.8,5
1485,96024,78.8,7
1486,96034,76.2,10
1487,96038,79.8,8
1488,96040,73.6,2
1489,96041,78.8,1
1490,96050,84.4,4
1491,96054,84.8,1
1492,96058,83.15,3
1493,96059,75.9,9
1494,96062,79.2,11
1495,96064,76.1,8
1496,96067,71.0,8
1497,96071,81.8,5
1498,96078,76.9,7
1499,96080,77.0,11
1500,96085,81.9,2
1501,96087,80.7,9
1502,96088,80.7,9
1503,96093,87.2,2
1504,96097,74.4,3
1505,96099,74.2,9
1506,96101,75.1,1
1507,96103,81.0,7
1508,96106,80.0,7
1509,96108,77.8,1
1510,96111,79.8,79
1511,96113,77.2,1
1512,96115,81.5,1
1513,96118,84.9,56
1514,96120,80.4,30
1515,96121,83.8,3
1516,96123,76.6,0
1517,96130,74.75999999999999,3
1518,96133,81.6,7
1519,96135,76.9,6
1520,96145,82.3,74
1521,96150,79.05999999999999,37
1522,96151,80.1,37
1523,96155,80.4,37
1524,96158,74.6,37
1525,96160,78.1,76
1526,96161,82.0,77
